{
  "portfolio": {
    "total_return": 3.6495093465195207,
    "max_drawdown": -0.13155361001438798,
    "sharpe": 2.7716247338744515,
    "trade_count": 144,
    "win_rate": 0.6805555555555556,
    "final_value": 4649509.3465195205,
    "profit_factor": 3.6478,
    "profit_loss_ratio": 1.7122,
    "avg_holding_days": 11.5,
    "calmar": 9.3422,
    "sortino": 2.8146
  },
  "compare": {
    "v39b_live_adapt": {
      "ret": 3.6495093465195207,
      "sharpe": 2.7716247338744515,
      "dd": -0.13155361001438798,
      "n": 144,
      "wr": 0.6805555555555556
    },
    "v39_vpa_score": {
      "ret": 2.2380645224380147,
      "sharpe": 2.525672646732213,
      "dd": -0.10261053136891467,
      "n": 142,
      "wr": 0.676056338028169
    },
    "v38_research_stack": {
      "ret": 3.102993326853544,
      "sharpe": 2.6542346667535486,
      "dd": -0.1250659386962458,
      "n": 140,
      "wr": 0.6642857142857143
    }
  },
  "pass_vs_v38": true
}