{
  "variant": "v8_4h_daily",
  "avg_win_rate": 0.5849353752579559,
  "total_trades": 204,
  "median_sharpe": 0.3632509281409648,
  "portfolio": {
    "final_value": 1597675.0374218265,
    "total_return": 0.5976750374218265,
    "annual_return": 0.27660957013907805,
    "max_drawdown": -0.4229335349256805,
    "sharpe": 0.7704486071721337,
    "calmar": 0.654,
    "sortino": 0.8886,
    "win_rate": 0.593939393939394,
    "profit_loss_ratio": 0.8833,
    "profit_factor": 1.292,
    "max_consecutive_loss": 6,
    "avg_holding_days": 3.8,
    "trade_count": 165,
    "benchmark_return": 4.486565,
    "excess_return": -3.88889,
    "information_ratio": -1.2463
  },
  "per_symbol": [
    {
      "code": "TSLA.US",
      "final_value": 1006597.6457625551,
      "total_return": 0.006597645762555171,
      "annual_return": 0.0034332764994624565,
      "max_drawdown": -0.18107707488461705,
      "sharpe": 0.1067295950888827,
      "calmar": 0.019,
      "sortino": 0.0813,
      "win_rate": 0.4722222222222222,
      "profit_loss_ratio": 1.1325,
      "profit_factor": 1.0133,
      "max_consecutive_loss": 5,
      "avg_holding_days": 3.7,
      "trade_count": 36,
      "benchmark_return": 0.834262,
      "excess_return": -0.827664,
      "information_ratio": -0.8315
    },
    {
      "code": "ARM.US",
      "final_value": 1130538.108208445,
      "total_return": 0.13053810820844491,
      "annual_return": 0.06603687470928765,
      "max_drawdown": -0.19398556434583658,
      "sharpe": 0.3632509281409648,
      "calmar": 0.3404,
      "sortino": 0.2271,
      "win_rate": 0.6,
      "profit_loss_ratio": 0.8165,
      "profit_factor": 1.2247,
      "max_consecutive_loss": 2,
      "avg_holding_days": 4.8,
      "trade_count": 30,
      "benchmark_return": 1.663937,
      "excess_return": -1.533399,
      "information_ratio": -1.0191
    },
    {
      "code": "MU.US",
      "final_value": 987122.4574785342,
      "total_return": -0.012877542521465779,
      "annual_return": -0.006732593862302183,
      "max_drawdown": -0.33079769297943706,
      "sharpe": 0.10674528975071094,
      "calmar": -0.0204,
      "sortino": 0.0573,
      "win_rate": 0.5428571428571428,
      "profit_loss_ratio": 0.8284,
      "profit_factor": 0.9837,
      "max_consecutive_loss": 5,
      "avg_holding_days": 3.5,
      "trade_count": 35,
      "benchmark_return": 8.574349,
      "excess_return": -8.587227,
      "information_ratio": -2.1664
    },
    {
      "code": "SPY.US",
      "final_value": 974013.7974579011,
      "total_return": -0.025986202542098935,
      "annual_return": -0.013629353621598894,
      "max_drawdown": -0.05735450335337525,
      "sharpe": -0.25397194619703967,
      "calmar": -0.2376,
      "sortino": -0.1537,
      "win_rate": 0.5454545454545454,
      "profit_loss_ratio": 0.6856,
      "profit_factor": 0.8228,
      "max_consecutive_loss": 4,
      "avg_holding_days": 3.5,
      "trade_count": 44,
      "benchmark_return": 0.385061,
      "excess_return": -0.411048,
      "information_ratio": -1.2298
    },
    {
      "code": "IONQ.US",
      "final_value": 2795721.197309877,
      "total_return": 1.7957211973098768,
      "annual_return": 0.7107821895760056,
      "max_drawdown": -0.16757200174799314,
      "sharpe": 1.5483843625829317,
      "calmar": 4.2417,
      "sortino": 1.2906,
      "win_rate": 0.7419354838709677,
      "profit_loss_ratio": 1.3246,
      "profit_factor": 3.8083,
      "max_consecutive_loss": 2,
      "avg_holding_days": 3.1,
      "trade_count": 31,
      "benchmark_return": 4.657652,
      "excess_return": -2.86193,
      "information_ratio": -0.8843
    },
    {
      "code": "APLD.US",
      "final_value": 1324761.1145471544,
      "total_return": 0.3247611145471545,
      "annual_return": 0.15786533507522615,
      "max_drawdown": -0.28120296666516675,
      "sharpe": 0.5561205514632431,
      "calmar": 0.5614,
      "sortino": 0.3616,
      "win_rate": 0.6071428571428571,
      "profit_loss_ratio": 0.8824,
      "profit_factor": 1.3638,
      "max_consecutive_loss": 3,
      "avg_holding_days": 4.5,
      "trade_count": 28,
      "benchmark_return": 5.935412,
      "excess_return": -5.610651,
      "information_ratio": -1.2571
    }
  ],
  "eligible": true,
  "composite": 0.49019712496354806,
  "variant_cfg": {
    "value_area_pct": 0.7,
    "profile_rows": 25,
    "profile_lookback": 20,
    "macd_fast": 12,
    "macd_slow": 26,
    "macd_signal": 9,
    "macd_htf": "1D",
    "signal_tf": "",
    "require_htf_green": true,
    "require_vwap_uptrend": false,
    "require_above_vwap": true,
    "require_volume_expand": false,
    "require_vol_confirm": false,
    "block_red_flag": true,
    "block_dump": false,
    "require_sqz_release": false,
    "require_mom_pos": true,
    "require_mom_pos_inc": false,
    "allow_healthy_pull_entry": false,
    "exit_on_poc_break": false,
    "exit_on_val_break": false,
    "exit_below_vwap": true,
    "exit_on_sqz_neg": false,
    "soft_confidence": false,
    "swing_period": 50,
    "vol_look": 5,
    "vol_sma": 20,
    "min_confidence": 0.6
  },
  "interval": "4H"
}