{
  "folds": [
    {
      "test_fold": "2025H2",
      "n_train": 125,
      "n_test": 65,
      "n_taken": 16,
      "threshold": 0.6,
      "val_tune": {
        "n": 9,
        "hit_rate": 0.7777777777777778,
        "exp": 0.09002884223853957
      },
      "base_hit_rate": 0.5538461538461539,
      "filt_hit_rate": 0.5625,
      "base_exp": 0.0018861178436702878,
      "filt_exp": 0.006082994894067774,
      "lift_hit": 0.008653846153846123,
      "lift_exp": 0.004196877050397486,
      "best_iteration": 62
    },
    {
      "test_fold": "2026H1",
      "n_train": 190,
      "n_test": 55,
      "n_taken": 25,
      "threshold": 0.6,
      "val_tune": {
        "n": 14,
        "hit_rate": 0.7857142857142857,
        "exp": 0.013729959749823713
      },
      "base_hit_rate": 0.6,
      "filt_hit_rate": 0.64,
      "base_exp": 0.01939013021139702,
      "filt_exp": 0.030085204275237535,
      "lift_hit": 0.040000000000000036,
      "lift_exp": 0.010695074063840515,
      "best_iteration": 34
    }
  ],
  "avg_lift_hit": 0.02432692307692308,
  "avg_lift_exp": 0.007445975557119001,
  "avg_base_hit_rate": 0.5769230769230769,
  "avg_filt_hit_rate": 0.6012500000000001,
  "avg_base_exp": 0.010638124027533655,
  "avg_filt_exp": 0.018084099584652655,
  "pos_exp_folds": 2,
  "n_folds": 2,
  "feature_importance_gain": {
    "ha_green": 0.15950000286102295,
    "sym_MU": 0.12280000001192093,
    "dist_vwap": 0.12250000238418579,
    "atr_pct": 0.12120000272989273,
    "vol_expand": 0.1103999987244606,
    "macd_hist": 0.1054999977350235,
    "dist_val": 0.10509999841451645,
    "dist_poc": 0.09520000219345093,
    "sym_IONQ": 0.05779999867081642,
    "htf_green": 0.0,
    "block_red_flag_on": 0.0,
    "conf": 0.0,
    "spy_htf_green": 0.0,
    "sym_TSLA": 0.0,
    "sym_ARM": 0.0,
    "above_vwap": 0.0,
    "sym_SPY": 0.0,
    "sym_APLD": 0.0
  },
  "edge": true,
  "threshold": 0.6,
  "feat_cols": [
    "dist_poc",
    "dist_val",
    "dist_vwap",
    "ha_green",
    "above_vwap",
    "vol_expand",
    "macd_hist",
    "block_red_flag_on",
    "htf_green",
    "atr_pct",
    "conf",
    "spy_htf_green",
    "sym_TSLA",
    "sym_ARM",
    "sym_MU",
    "sym_SPY",
    "sym_IONQ",
    "sym_APLD"
  ],
  "models": [
    "/Users/syriljacob/Desktop/TradingAlgoWork/runs/poc_va_meta_xgb/artifacts/meta_xgb_2025H2.json",
    "/Users/syriljacob/Desktop/TradingAlgoWork/runs/poc_va_meta_xgb/artifacts/meta_xgb_2026H1.json",
    "/Users/syriljacob/Desktop/TradingAlgoWork/runs/poc_va_meta_xgb/artifacts/meta_xgb_final.json"
  ],
  "final_model": "/Users/syriljacob/Desktop/TradingAlgoWork/runs/poc_va_meta_xgb/artifacts/meta_xgb_final.json",
  "params": {
    "learning_rate": 0.04,
    "max_depth": 4,
    "subsample": 0.8,
    "reg_lambda": 1.5,
    "label": "engine_exit_pnl_after_cost",
    "fold_scheme": "expanding_half_year_or_year"
  },
  "n_candidates": 246,
  "baseline_hit": 0.5772357723577236,
  "baseline_exp": 0.009786572742060998
}