{
  "TSLA.US": {
    "require_above_vwap": {
      "lift": 0.004719972899475011,
      "wr_on": 0.45898999648506944,
      "wr_off": 0.45427002358559443,
      "n_on": 6,
      "n_off": 8
    },
    "require_vwap_uptrend": {
      "lift": -0.03127330456455496,
      "wr_on": 0.4294871794871795,
      "wr_off": 0.4607604840517345,
      "n_on": 2,
      "n_off": 12
    },
    "require_volume_expand": {
      "lift": 0.037949647280348164,
      "wr_on": 0.4888211382113822,
      "wr_off": 0.450871490931034,
      "n_on": 2,
      "n_off": 12
    },
    "require_vol_confirm": {
      "lift": 0.04761171090186361,
      "wr_on": 0.4903012340438434,
      "wr_off": 0.4426895231419798,
      "n_on": 4,
      "n_off": 10
    },
    "block_red_flag": {
      "lift": 0.08464335009285057,
      "wr_on": 0.4804766834261839,
      "wr_off": 0.3958333333333333,
      "n_on": 10,
      "n_off": 4
    },
    "block_dump": {
      "lift": 0.0633165691836774,
      "wr_on": 0.48342854162123117,
      "wr_off": 0.42011197243755377,
      "n_on": 8,
      "n_off": 6
    },
    "require_mom_pos": {
      "lift": -0.032117960661997014,
      "wr_on": 0.44252802883022785,
      "wr_off": 0.47464598949222486,
      "n_on": 8,
      "n_off": 6
    },
    "require_mom_pos_inc": {
      "lift": -0.02678612507737549,
      "wr_on": 0.43333333333333335,
      "wr_off": 0.46011945841070884,
      "n_on": 2,
      "n_off": 12
    },
    "exit_below_vwap": {
      "lift": -0.027555421425473015,
      "wr_on": 0.44251515840120437,
      "wr_off": 0.4700705798266774,
      "n_on": 7,
      "n_off": 7
    },
    "exit_on_sqz_neg": {
      "lift": -0.026978759493548332,
      "wr_on": 0.44087643511762753,
      "wr_off": 0.46785519461117586,
      "n_on": 6,
      "n_off": 8
    },
    "soft_confidence": {
      "lift": -0.04020310485908957,
      "wr_on": 0.42183306494900696,
      "wr_off": 0.46203616980809653,
      "n_on": 2,
      "n_off": 12
    }
  },
  "ARM.US": {
    "require_above_vwap": {
      "lift": 0.03037562242765446,
      "wr_on": 0.4450664811379097,
      "wr_off": 0.41469085871025524,
      "n_on": 7,
      "n_off": 8
    },
    "require_vwap_uptrend": {
      "lift": -0.07026378315171422,
      "wr_on": 0.37265512265512263,
      "wr_off": 0.44291890580683685,
      "n_on": 3,
      "n_off": 12
    },
    "require_volume_expand": {
      "lift": -0.07376663566318742,
      "wr_on": 0.3649350649350649,
      "wr_off": 0.4387017005982523,
      "n_on": 2,
      "n_off": 13
    },
    "require_vol_confirm": {
      "lift": 0.03364308392756671,
      "wr_on": 0.4512948717948718,
      "wr_off": 0.4176517878673051,
      "n_on": 5,
      "n_off": 10
    },
    "block_red_flag": {
      "lift": 0.10237945962083894,
      "wr_on": 0.4561673384087177,
      "wr_off": 0.35378787878787876,
      "n_on": 11,
      "n_off": 4
    },
    "block_dump": {
      "lift": 0.033484827752069124,
      "wr_on": 0.44226008027732167,
      "wr_off": 0.40877525252525254,
      "n_on": 9,
      "n_off": 6
    },
    "require_mom_pos": {
      "lift": 0.022020357516047195,
      "wr_on": 0.439142316017316,
      "wr_off": 0.4171219585012688,
      "n_on": 8,
      "n_off": 7
    },
    "require_mom_pos_inc": {
      "lift": -0.01524935313728415,
      "wr_on": 0.4166666666666667,
      "wr_off": 0.43191601980395083,
      "n_on": 3,
      "n_off": 12
    },
    "exit_below_vwap": {
      "lift": -0.003795729106689738,
      "wr_on": 0.4270948089267055,
      "wr_off": 0.4308905380333952,
      "n_on": 8,
      "n_off": 7
    },
    "exit_on_sqz_neg": {
      "lift": -0.01868513824024909,
      "wr_on": 0.4189007421150278,
      "wr_off": 0.4375858803552769,
      "n_on": 7,
      "n_off": 8
    },
    "soft_confidence": {
      "lift": -0.03256107398348773,
      "wr_on": 0.40064655172413793,
      "wr_off": 0.43320762570762567,
      "n_on": 2,
      "n_off": 13
    }
  },
  "MU.US": {
    "require_above_vwap": {
      "lift": -0.012946369348808329,
      "wr_on": 0.5311965811965812,
      "wr_off": 0.5441429505453895,
      "n_on": 7,
      "n_off": 8
    },
    "require_vwap_uptrend": {
      "lift": 0.010243730975438292,
      "wr_on": 0.5462962962962963,
      "wr_off": 0.536052565320858,
      "n_on": 3,
      "n_off": 12
    },
    "require_volume_expand": {
      "lift": 0.045322662536546154,
      "wr_on": 0.5773809523809523,
      "wr_off": 0.5320582898444062,
      "n_on": 2,
      "n_off": 13
    },
    "require_vol_confirm": {
      "lift": -0.008067718189669448,
      "wr_on": 0.5327228327228327,
      "wr_off": 0.5407905509125022,
      "n_on": 5,
      "n_off": 10
    },
    "block_red_flag": {
      "lift": 0.027788428619914263,
      "wr_on": 0.5455115591479228,
      "wr_off": 0.5177231305280086,
      "n_on": 11,
      "n_off": 4
    },
    "block_dump": {
      "lift": 0.028343803140551183,
      "wr_on": 0.5494388327721661,
      "wr_off": 0.5210950296316149,
      "n_on": 9,
      "n_off": 6
    },
    "require_mom_pos": {
      "lift": -0.029725244751377167,
      "wr_on": 0.5242295306319696,
      "wr_off": 0.5539547753833468,
      "n_on": 8,
      "n_off": 7
    },
    "require_mom_pos_inc": {
      "lift": -0.009597538865831479,
      "wr_on": 0.5304232804232805,
      "wr_off": 0.5400208192891119,
      "n_on": 3,
      "n_off": 12
    },
    "exit_below_vwap": {
      "lift": 0.01269748930898762,
      "wr_on": 0.5440268065268066,
      "wr_off": 0.531329317217819,
      "n_on": 8,
      "n_off": 7
    },
    "exit_on_sqz_neg": {
      "lift": -0.0259297927198624,
      "wr_on": 0.524272088732019,
      "wr_off": 0.5502018814518814,
      "n_on": 7,
      "n_off": 8
    },
    "soft_confidence": {
      "lift": 0.03325140046528419,
      "wr_on": 0.5669191919191919,
      "wr_off": 0.5336677914539077,
      "n_on": 2,
      "n_off": 13
    }
  },
  "SPY.US": {
    "require_above_vwap": {
      "lift": 0.019576491225240356,
      "wr_on": 0.4302753271431481,
      "wr_off": 0.41069883591790773,
      "n_on": 7,
      "n_off": 8
    },
    "require_vwap_uptrend": {
      "lift": 0.06913123907713581,
      "wr_on": 0.47513952308472857,
      "wr_off": 0.40600828400759276,
      "n_on": 3,
      "n_off": 12
    },
    "require_volume_expand": {
      "lift": 0.005289314801703304,
      "wr_on": 0.42441860465116277,
      "wr_off": 0.41912928984945946,
      "n_on": 2,
      "n_off": 13
    },
    "require_vol_confirm": {
      "lift": -0.049417527128520156,
      "wr_on": 0.3868895137373398,
      "wr_off": 0.43630704086586,
      "n_on": 5,
      "n_off": 10
    },
    "block_red_flag": {
      "lift": -0.07038613830063567,
      "wr_on": 0.4010648949428504,
      "wr_off": 0.4714510332434861,
      "n_on": 11,
      "n_off": 4
    },
    "block_dump": {
      "lift": -0.07262717686019976,
      "wr_on": 0.39078366107894,
      "wr_off": 0.4634108379391398,
      "n_on": 9,
      "n_off": 6
    },
    "require_mom_pos": {
      "lift": -0.018385084217362457,
      "wr_on": 0.41125482585491746,
      "wr_off": 0.4296399100722799,
      "n_on": 8,
      "n_off": 7
    },
    "require_mom_pos_inc": {
      "lift": 0.027944355350049577,
      "wr_on": 0.4421900161030596,
      "wr_off": 0.41424566075301,
      "n_on": 3,
      "n_off": 12
    },
    "exit_below_vwap": {
      "lift": 0.04024553857438984,
      "wr_on": 0.4386157831577352,
      "wr_off": 0.39837024458334536,
      "n_on": 8,
      "n_off": 7
    },
    "exit_on_sqz_neg": {
      "lift": -0.019034097037548825,
      "wr_on": 0.4096830134029939,
      "wr_off": 0.4287171104405427,
      "n_on": 7,
      "n_off": 8
    },
    "soft_confidence": {
      "lift": -0.02210899748032996,
      "wr_on": 0.4006734006734006,
      "wr_off": 0.4227823981537306,
      "n_on": 2,
      "n_off": 13
    }
  },
  "IONQ.US": {
    "require_above_vwap": {
      "lift": 0.07444260950049975,
      "wr_on": 0.516220338800984,
      "wr_off": 0.4417777293004842,
      "n_on": 7,
      "n_off": 8
    },