{
  "win_rate": 0.6714285714285714,
  "sharpe": 2.818451106363357,
  "profit_factor": 3.6795,
  "max_drawdown": -0.13284954048007197,
  "total_return": 3.7437690059109743,
  "trade_count": 140
}
