{
  "n_trades": 374,
  "base_wr": 0.5,
  "base_exp": 0.198475935828877,
  "base_pnl": -380218.3363000002,
  "gates": {
    "gate_qqq_not_def": {
      "n": 317,
      "wr": 0.501577287066246,
      "exp": 0.31637223974763407,
      "pnl": -99468.44380000001
    },
    "gate_qqq_or_dt": {
      "n": 331,
      "wr": 0.4984894259818731,
      "exp": 0.23293051359516614,
      "pnl": -318224.68460000015
    },
    "gate_strict": {
      "n": 297,
      "wr": 0.49158249158249157,
      "exp": 0.13636363636363635,
      "pnl": -86022.99090000003
    }
  },
  "loss_regime": {
    "qqq_up": 0.8877005347593583,
    "qqq_bull": 0.8983957219251337,
    "defensive": 0.12834224598930483,
    "risk_on": 0.5240641711229946,
    "dt_bottom": 0.21390374331550802
  }
}