{
  "name": "v20_smoke",
  "window": "std",
  "metrics": {
    "sharpe": 2.128009651762961,
    "win_rate": 0.6230769230769231,
    "profit_factor": 2.6768,
    "max_drawdown": -0.13240206158555437,
    "trade_count": 130,
    "total_return": 1.305064079643825,
    "annual_return": 0.545859302486791,
    "calmar": 4.1227,
    "sortino": 2.0161
  },
  "pass_bar": {
    "passed": true,
    "reasons": []
  },
  "vs_v15": {
    "sharpe": 0.0,
    "win_rate": -0.0,
    "profit_factor": 0.0,
    "max_drawdown": -0.0,
    "trade_count": 0.0
  },
  "beats_v15_sharpe": true
}