{
  "long": {
    "type": "isotonic",
    "x": [
      0.1743430644273758,
      0.17616094648838043,
      0.1767028123140335,
      0.19061295688152313,
      0.19143711030483246,
      0.46852174401283264,
      0.46859511733055115,
      0.5053664445877075,
      0.5053696036338806,
      0.7335522770881653,
      0.7336380481719971,
      0.8211449384689331,
      0.8213580846786499,
      0.8514706492424011,
      0.853901743888855,
      0.9041700959205627
    ],
    "y": [
      0.3333333333333333,
      0.3333333333333333,
      0.42857142857142855,
      0.42857142857142855,
      0.514268180423443,
      0.514268180423443,
      0.5293247905372103,
      0.5293247905372103,
      0.5336779686787289,
      0.5336779686787289,
      0.5363636363636364,
      0.5363636363636364,
      0.5853658536585366,
      0.5853658536585366,
      0.6666666666666666,
      0.6666666666666666
    ],
    "raw_brier": 0.2594323183339018,
    "cal_brier": 0.24906213743053696,
    "raw_logloss": 0.714014287709865,
    "cal_logloss": 0.6912671205874712
  },
  "short": {
    "type": "isotonic",
    "x": [
      0.08120781183242798,
      0.13325633108615875,
      0.13563163578510284,
      0.1836111694574356,
      0.18454909324645996,
      0.27100497484207153,
      0.27128171920776367,
      0.5696178078651428,
      0.5696204900741577,
      0.8234695196151733,
      0.8283123970031738,
      0.8381586670875549,
      0.8455339074134827,
      0.8774280548095703
    ],
    "y": [
      0.0,
      0.0,
      0.37037037037037035,
      0.37037037037037035,
      0.45,
      0.45,
      0.4882431461135641,
      0.4882431461135641,
      0.49617977528089885,
      0.49617977528089885,
      0.5,
      0.5,
      1.0,
      1.0
    ],
    "raw_brier": 0.259894467885424,
    "cal_brier": 0.24954937239981814,
    "raw_logloss": 0.7145248732589613,
    "cal_logloss": 0.6920385493371665
  }
}