{
  "threshold": 0.6,
  "folds": [
    {
      "fold": "2025H2",
      "n": 65,
      "n_taken": 16,
      "base_hit": 0.5538461538461539,
      "filt_hit": 0.5625,
      "base_exp": 0.0018861178436702882,
      "filt_exp": 0.006082994894067774,
      "sized_exp": 0.006842630722818298,
      "thr": 0.6
    },
    {
      "fold": "2026H1",
      "n": 55,
      "n_taken": 25,
      "base_hit": 0.6,
      "filt_hit": 0.64,
      "base_exp": 0.019390130211397016,
      "filt_exp": 0.030085204275237542,
      "sized_exp": 0.028823097495717674,
      "thr": 0.6
    }
  ],
  "avg_lift_exp": 0.007445975557119006,
  "avg_filt_hit": 0.6012500000000001,
  "avg_sized_exp": 0.017832864109267987
}