{
  "target_wr": 0.9,
  "best": {
    "round": "base",
    "wr": 0.8333333333333334,
    "n": 12,
    "sharpe": 1.389291882915245,
    "pf": 19.6862,
    "dd": -0.11312622260719349,
    "ret": 0.7119569012478457,
    "knobs": {
      "vol_z": false,
      "zmin": 1.0,
      "ema": false,
      "com": false,
      "nd": false,
      "conf": 0.55,
      "or_mode": false
    },
    "metrics": {
      "final_value": 1711956.9012478457,
      "total_return": 0.7119569012478457,
      "annual_return": 0.32369010916713714,
      "max_drawdown": -0.11312622260719349,
      "sharpe": 1.389291882915245,
      "calmar": 2.8613,
      "sortino": 0.6505,
      "win_rate": 0.8333333333333334,
      "profit_loss_ratio": 3.9372,
      "profit_factor": 19.6862,
      "max_consecutive_loss": 1,
      "avg_holding_days": 12.7,
      "trade_count": 12,
      "benchmark_return": 4.928149,
      "excess_return": -4.216192,
      "information_ratio": -1.2423
    }
  },
  "confirm_metrics": {
    "final_value": 1711956.9012478457,
    "total_return": 0.7119569012478457,
    "annual_return": 0.32369010916713714,
    "max_drawdown": -0.11312622260719349,
    "sharpe": 1.389291882915245,
    "calmar": 2.8613,
    "sortino": 0.6505,
    "win_rate": 0.8333333333333334,
    "profit_loss_ratio": 3.9372,
    "profit_factor": 19.6862,
    "max_consecutive_loss": 1,
    "avg_holding_days": 12.7,
    "trade_count": 12,
    "benchmark_return": 4.928149,
    "excess_return": -4.216192,
    "information_ratio": -1.2423
  },
  "loop": [
    {
      "round": "base",
      "wr": 0.8333333333333334,
      "n": 12,
      "sharpe": 1.389291882915245,
      "pf": 19.6862,
      "dd": -0.11312622260719349,
      "knobs": {
        "vol_z": false,
        "zmin": 1.0,
        "ema": false,
        "com": false,
        "nd": false,
        "conf": 0.55,
        "or_mode": false
      }
    },
    {
      "round": "or_085",
      "wr": 0.8333333333333334,
      "n": 6,
      "sharpe": 0.5574952788339335,
      "pf": 17.1342,
      "dd": -0.11312622260719349,
      "knobs": {
        "vol_z": true,
        "zmin": 0.85,
        "ema": false,
        "com": false,
        "nd": false,
        "conf": 0.55,
        "or_mode": true
      }
    },
    {
      "round": "or_1",
      "wr": 0.8333333333333334,
      "n": 6,
      "sharpe": 0.543801191860112,
      "pf": 10.1661,
      "dd": -0.11312622276775233,
      "knobs": {
        "vol_z": true,
        "zmin": 1.0,
        "ema": false,
        "com": false,
        "nd": false,
        "conf": 0.55,
        "or_mode": true
      }
    },
    {
      "round": "volz085",
      "wr": 0.75,
      "n": 4,
      "sharpe": 0.21851094151338082,
      "pf": 4.7379,
      "dd": -0.08518218077449259,
      "knobs": {
        "vol_z": true,
        "zmin": 0.85,
        "ema": false,
        "com": false,
        "nd": false,
        "conf": 0.55,
        "or_mode": false
      }
    },
    {
      "round": "volz1",
      "wr": 0.75,
      "n": 4,
      "sharpe": 0.19114788590404833,
      "pf": 2.8111,
      "dd": -0.08518217366561108,
      "knobs": {
        "vol_z": true,
        "zmin": 1.0,
        "ema": false,
        "com": false,
        "nd": false,
        "conf": 0.55,
        "or_mode": false
      }
    },
    {
      "round": "volz1_book",
      "wr": 0.75,
      "n": 4,
      "sharpe": 0.19114788590404833,
      "pf": 2.8111,
      "dd": -0.08518217366561108,
      "knobs": {
        "vol_z": true,
        "zmin": 1.0,
        "ema": false,
        "com": true,
        "nd": true,
        "conf": 0.65,
        "or_mode": false
      }
    }
  ],
  "honest_note": "90%+ only on thin sniper sleeve; full-book WINNER remains v15."
}