{
  "name": "tsla_F_lb30_block",
  "interval": "1H",
  "final_value": 1277895.6278959003,
  "total_return": 0.2778956278959004,
  "annual_return": 0.13643965655037027,
  "max_drawdown": -0.2465814155228906,
  "sharpe": 0.7532800536345038,
  "calmar": 0.5533,
  "sortino": 0.2983,
  "win_rate": 0.5853658536585366,
  "profit_loss_ratio": 1.064,
  "profit_factor": 1.5022,
  "max_consecutive_loss": 3,
  "avg_holding_days": 6.8,
  "trade_count": 41,
  "benchmark_return": 0.797817,
  "excess_return": -0.519922,
  "information_ratio": -0.5979,
  "score": 0.5204895188994348
}