{"learner":{"attributes":{},"feature_names":["dist_ema22_atr","dist_ema50_atr","dist_vwap_atr","body_atr","bb_width","dist_hh20_atr","lower_wick_atr","dist_ema200_atr","macd_hist_slope_atr","macd_hist_atr"],"feature_types":[],"gradient_booster":{"model":{"cats":{"enc":[],"feature_segments":[],"sorted_idx":[]},"gbtree_model_param":{"num_parallel_tree":"1","num_trees":"14"},"iteration_indptr":[0,1,2,3,4,5,6,7,8,9,10,11,12,13,14],"tree_info":[0,0,0,0,0,0,0,0,0,0,0,0,0,0],"trees":[{"base_weights":[-0E0,7.29732E-1,-7.016941E-1,-0E0,5.1551588E-2,-7.463753E-2,-4.1505564E-2,2.1449123E-2,-2.97997E-2],"categories":[],"categories_nodes":[],"categories_segments":[],"categories_sizes":[],"default_left":[0,0,0,0,0,0,0,0,0],"id":0,"left_children":[1,3,5,-1,-1,-1,7,-1,-1],"loss_changes":[1.0346721E1,2.0994258E0,3.7835298E0,0E0,0E0,0E0,2.3356388E0,0E0,0E0],"parents":[2147483647,0,0,1,1,2,2,6,6],"right_children":[2,4,6,-1,-1,-1,8,-1,-1],"split_conditions":[1.2375553E0,5.2239228E-2,3.333417E0,-0E0,5.1551588E-2,-7.463753E-2,6.1176696E0,2.1449123E-2,-2.97997E-2],"split_indices":[1,4,7,0,0,0,7,0,0],"split_type":[0,0,0,0,0,0,0,0,0],"sum_hessian":[1.8206522E1,8.905364E0,9.301158E0,2.9684546E0,5.936909E0,2.9684546E0,6.332703E0,2.5726607E0,3.7600424E0],"tree_param":{"num_deleted":"0","num_feature":"10","num_nodes":"9","size_leaf_vector":"1"}},{"base_weights":[-0E0,7.0930487E-1,-6.661201E-1,-0E0,5.0396927E-2,-0E0,-1.2706106E0,1.0907059E-2,-1.901208E-2,-8.560636E-2,-3.595195E-3],"categories":[],"categories_nodes":[],"categories_segments":[],"categories_sizes":[],"default_left":[0,0,0,0,0,0,0,0,0,0,0],"id":1,"left_children":[1,3,5,-1,-1,7,9,-1,-1,-1,-1],"loss_changes":[9.538776E0,1.9915943E0,3.4995775E0,0E0,0E0,7.023518E-1,7.566662E-1,0E0,0E0,0E0,0E0],"parents":[2147483647,0,0,1,1,2,2,5,5,6,6],"right_children":[2,4,6,-1,-1,8,10,-1,-1,-1,-1],"split_conditions":[1.2375553E0,5.2239228E-2,3.0490512E-1,-0E0,5.0396927E-2,1.036566E0,1.7466824E0,1.0907059E-2,-1.901208E-2,-8.560636E-2,-3.595195E-3],"split_indices":[1,4,3,0,0,0,0,0,0,0,0],"split_type":[0,0,0,0,0,0,0,0,0,0,0],"sum_hessian":[1.8190403E1,8.764248E0,9.426154E0,2.9684546E0,5.7957935E0,5.3929715E0,4.033183E0,2.778952E0,2.6140194E0,2.024836E0,2.008347E0],"tree_param":{"num_deleted":"0","num_feature":"10","num_nodes":"11","size_leaf_vector":"1"}},{"base_weights":[-0E0,6.896635E-1,-6.413765E-1,4.6609137E-3,4.6295077E-2,-0E0,-1.2155137E0,1.0545454E-2,-1.8211432E-2,-8.071965E-2,-3.4713985E-3],"categories":[],"categories_nodes":[],"categories_segments":[],"categories_sizes":[],"default_left":[0,0,0,0,0,0,0,0,0,0,0],"id":2,"left_children":[1,3,5,-1,-1,7,9,-1,-1,-1,-1],"loss_changes":[8.901417E0,2.5060892E-1,3.2261863E0,0E0,0E0,6.498308E-1,5.4020405E-1,0E0,0E0,0E0,0E0],"parents":[2147483647,0,0,1,1,2,2,5,5,6,6],"right_children":[2,4,6,-1,-1,8,10,-1,-1,-1,-1],"split_conditions":[1.2375553E0,3.630409E0,3.0490512E-1,4.6609137E-3,4.6295077E-2,1.036566E0,1.7466824E0,1.0545454E-2,-1.8211432E-2,-8.071965E-2,-3.4713985E-3],"split_indices":[1,5,3,0,0,0,0,0,0,0,0],"split_type":[0,0,0,0,0,0,0,0,0,0,0],"sum_hessian":[1.8135141E1,8.6239195E0,9.511223E0,4.0432587E0,4.580661E0,5.401064E0,4.1101584E0,2.765177E0,2.6358871E0,2.0986147E0,2.0115435E0],"tree_param":{"num_deleted":"0","num_feature":"10","num_nodes":"11","size_leaf_vector":"1"}},{"base_weights":[-0E0,6.7381173E-1,-6.180314E-1,-0E0,4.865701E-2,-6.5616414E-2,-1.1077696E-2,2.103877E-2,-2.6456038E-2],"categories":[],"categories_nodes":[],"categories_segments":[],"categories_sizes":[],"default_left":[0,0,0,0,0,0,0,0,0],"id":3,"left_children":[1,3,5,-1,-1,-1,7,-1,-1],"loss_changes":[8.362381E0,1.9052796E0,3.1237383E0,0E0,0E0,0E0,1.9923517E0,0E0,0E0],"parents":[2147483647,0,0,1,1,2,2,6,6],"right_children":[2,4,6,-1,-1,-1,8,-1,-1],"split_conditions":[1.2375553E0,5.2239228E-2,3.333417E0,-0E0,4.865701E-2,-6.5616414E-2,6.1176696E0,2.103877E-2,-2.6456038E-2],"split_indices":[1,4,7,0,0,0,7,0,0],"split_type":[0,0,0,0,0,0,0,0,0],"sum_hessian":[1.8098833E1,8.511226E0,9.587607E0,2.9393404E0,5.571886E0,3.1614656E0,6.4261417E0,2.554264E0,3.8718774E0],"tree_param":{"num_deleted":"0","num_feature":"10","num_nodes":"9","size_leaf_vector":"1"}},{"base_weights":[-0E0,5.3361565E-1,-7.273875E-1,7.725412E-1,-3.0734006E-3,-1.0709769E0,-0E0,-0E0,4.414977E-2,-4.4437675E-4,-6.689858E-2],"categories":[],"categories_nodes":[],"categories_segments":[],"categories_sizes":[],"default_left":[0,0,0,0,0,0,0,0,0,0,0],"id":4,"left_children":[1,3,5,7,-1,9,-1,-1,-1,-1,-1],"loss_changes":[7.8135643E0,2.387599E0,3.0063214E0,1.0858059E-1,0E0,5.0967693E-1,0E0,0E0,0E0,0E0,0E0],"parents":[2147483647,0,0,1,1,2,2,3,3,5,5],"right_children":[2,4,6,8,-1,10,-1,-1,-1,-1,-1],"split_conditions":[1.2856867E0,2.4605802E-1,4.09372E-1,8.6252205E-2,-3.0734006E-3,7.81732E-1,-0E0,-0E0,4.414977E-2,-4.4437675E-4,-6.689858E-2],"split_indices":[2,3,6,6,0,5,0,0,0,0,0],"split_type":[0,0,0,0,0,0,0,0,0,0,0],"sum_hessian":[1.8059204E1,1.0457528E1,7.601677E0,8.447924E0,2.0096045E0,5.5888934E0,2.0127833E0,2.076588E0,6.3713355E0,2.082703E0,3.5061903E0],"tree_param":{"num_deleted":"0","num_feature":"10","num_nodes":"11","size_leaf_vector":"1"}},{"base_weights":[-0E0,5.161009E-1,-6.919857E-1,7.543447E-1,-2.968092E-3,-1.0200237E0,-0E0,-0E0,4.3371405E-2,-0E0,-6.4379685E-2],"categories":[],"categories_nodes":[],"categories_segments":[],"categories_sizes":[],"default_left":[0,0,0,0,0,0,0,0,0,0,0],"id":5,"left_children":[1,3,5,7,-1,9,-1,-1,-1,-1,-1],"loss_changes":[7.1794367E0,2.2916458E0,2.7899723E0,1.6756105E-1,0E0,6.114297E-1,0E0,0E0,0E0,0E0,0E0],"parents":[2147483647,0,0,1,1,2,2,3,3,5,5],"right_children":[2,4,6,8,-1,10,-1,-1,-1,-1,-1],"split_conditions":[1.2856867E0,2.4605802E-1,4.09372E-1,-1.2221738E-1,-2.968092E-3,5.1754575E-2,-0E0,-0E0,4.3371405E-2,-0E0,-6.4379685E-2],"split_indices":[2,3,6,7,0,4,0,0,0,0,0],"split_type":[0,0,0,0,0,0,0,0,0,0,0],"sum_hessian":[1.8016136E1,1.0319317E1,7.696819E0,8.307049E0,2.0122678E0,5.6840353E0,2.0127833E0,2.045781E0,6.261268E0,2.12053E0,3.5635054E0],"tree_param":{"num_deleted":"0","num_feature":"10","num_nodes":"11","size_leaf_vector":"1"}},{"base_weights":[-0E0,4.9892074E-1,-6.585918E-1,7.364957E-1,-2.8664514E-3,-9.7242886E-1,-0E0,-0E0,4.2330246E-2,-7.3529474E-2,-0E0],"categories":[],"categories_nodes":[],"categories_segments":[],"categories_sizes":[],"default_left":[0,0,0,0,0,0,0,0,0,0,0],"id":6,"left_children":[1,3,5,7,-1,9,-1,-1,-1,-1,-1],"loss_changes":[6.594123E0,2.1992087E0,2.5935452E0,1.3583231E-1,0E0,2.7659693E0,0E0,0E0,0E0,0E0,0E0],"parents":[2147483647,0,0,1,1,2,2,3,3,5,5],"right_children":[2,4,6,8,-1,10,-1,-1,-1,-1,-1],"split_conditions":[1.2856867E0,2.4605802E-1,4.09372E-1,8.6252205E-2,-2.8664514E-3,-4.222505E-2,-0E0,-0E0,4.2330246E-2,-7.3529474E-2,-0E0],"split_indices":[2,3,6,6,0,8,0,0,0,0,0],"split_type":[0,0,0,0,0,0,0,0,0,0,0],"sum_hessian":[1.7967909E1,1.0182811E1,7.785097E0,8.167975E0,2.014836E0,5.772314E0,2.0127833E0,2.0401754E0,6.1277995E0,3.240196E0,2.5321178E0],"tree_param":{"num_deleted":"0","num_feature":"10","num_nodes":"11","size_leaf_vector":"1"}},{"base_weights":[-0E0,6.150259E-1,-5.341957E-1,-0E0,4.6045613E-2,-0E0,-1.0383701E0,-1.2872482E-2,1.4795481E-2,-7.0334464E-2,-0E0],"categories":[],"categories_nodes":[],"categories_segments":[],"categories_sizes":[],"default_left":[0,0,0,0,0,0,0,0,0,0,0],"id":7,"left_children":[1,3,5,-1,-1,7,9,-1,-1,-1,-1],"loss_changes":[6.5262127E0,1.8341191E0,2.6709852E0,0E0,0E0,5.6199855E-1,6.5921116E-1,0E0,0E0,0E0,0E0],"parents":[2147483647,0,0,1,1,2,2,5,5,6,6],"right_children":[2,4,6,-1,-1,8,10,-1,-1,-1,-1],"split_conditions":[1.2375553E0,5.2239228E-2,3.0490512E-1,-0E0,4.6045613E-2,-6.809597E-3,1.7466824E0,-1.2872482E-2,1.4795481E-2,-7.0334464E-2,-0E0],"split_indices":[1,4,3,0,0,9,0,0,0,0,0],"split_type":[0,0,0,0,0,0,0,0,0,0,0],"sum_hessian":[1.7917128E1,8.070337E0,9.84679E0,2.8621502E0,5.208187E0,5.4987907E0,4.348E0,3.4457016E0,2.053089E0,2.2472074E0,2.1007926E0],"tree_param":{"num_deleted":"0","num_feature":"10","num_nodes":"11",