{
  "version": "v80_bounce_certainty",
  "coef": [
    -0.6455731176466964,
    -0.007606139785489566,
    -0.010343364821170061,
    0.2996655618668094,
    0.21457297754722715,
    -0.2867368511047533,
    -0.3604498164966133,
    -0.8007418444994486,
    -0.0016869220922122708,
    -0.08150325929748718,
    -0.3366095734119161,
    -0.0022867522363769124,
    0.026006939459216765,
    0.14223418185323047,
    0.08389710164752175,
    0.3856577762940849,
    0.21469658133900982,
    0.6027569837441699,
    -0.06664280135730963,
    1.0176920336842652,
    0.1229356718334314,
    0.0307535967081141,
    0.05169729258289209,
    -0.00691348340523525,
    -0.11625860779713101,
    0.03947567735663305,
    -0.0650625615665275,
    -0.01848187711796979,
    0.04504835486736645,
    -0.08081186261984281,
    0.014491984808714416,
    0.0,
    0.0,
    0.0,
    0.0,
    0.0,
    0.0,
    0.0,
    0.0,
    0.0,
    0.0,
    0.0,
    0.0,
    0.0
  ],
  "intercept": 0.12953565730906424,
  "feature_names": [
    "ret_1d",
    "ret_3d",
    "ret_5d",
    "ret_10d",
    "range_pos_5d",
    "range_pos_20d",
    "dist_from_high_20d",
    "dist_from_low_20d",
    "atr_pct_14",
    "vol_z_20",
    "rsi_14",
    "above_sma20",
    "above_sma50",
    "sma20_slope",
    "down_streak",
    "gap_open",
    "intraday_range_pct",
    "body_pct",
    "close_loc",
    "dist_to_support_20d",
    "dist_to_support_60d",
    "dist_to_resist_20d",
    "near_support",
    "near_resist",
    "support_zone",
    "qqq_ret_1d",
    "qqq_ret_5d",
    "spy_ret_1d",
    "qqq_above_sma50",
    "macro_risk_on",
    "rs_vs_qqq_5d",
    "opt_call_bias",
    "opt_pc_vol",
    "gex_below_put_wall",
    "gex_below_call_wall",
    "model_raw_conf",
    "model_setup_ok",
    "model_go_long",
    "model_soft_long",
    "model_swing_up",
    "model_above_vwap",
    "model_macd_pos",
    "macro_live_ok",
    "macro_live_defensive"
  ],
  "feature_mean": [
    -0.02507845068051959,
    -0.021723727463612643,
    -0.016657464784565316,
    -0.010129837138147937,
    0.347821027989192,
    0.44781975215774705,
    -0.11824734641546918,
    0.1289116476398985,
    0.04902022000255205,
    0.03163606174705924,
    0.49157284815722985,
    0.44614147909967844,
    0.5110932475884244,
    0.004497126104029691,
    1.887620578778135,
    -0.006479535253375924,
    0.04509842386541371,
    -0.019667607041131456,
    0.31207776156195627,
    0.09899514423875852,
    0.18762162070244193,
    0.15362785920325261,
    0.36511254019292605,
    0.222508038585209,
    0.33987138263665595,
    -0.007494216145463233,
    -0.003881791101893664,
    -0.005392460336995452,
    0.6382636655948553,
    0.5636655948553054,
    -0.012775673682671601,
    0.0,
    0.0,
    0.0,
    0.0,
    0.0,
    0.0,
    0.0,
    0.0,
    0.0,
    0.0,
    0.0,
    0.0,
    0.0
  ],
  "feature_std": [
    0.027697349721343044,
    0.06309573452227309,
    0.08934920596362601,
    0.1299216095944856,
    0.2624252532828659,
    0.3022277817075494,
    0.10282009107279194,
    0.17774294742161972,
    0.032537780557595694,
    1.0913599709728112,
    0.11897879223240751,
    0.4970907962600459,
    0.4998769247104151,
    0.045569742620175505,
    1.2534484128051193,
    0.02133372162918936,
    0.0360926458912091,
    0.029074663590936,
    0.24073184335456643,
    0.10076740008721294,
    0.1553151091015893,
    0.1724029593551824,
    0.4814617047977804,
    0.41593053668873753,
    0.4736653100041251,
    0.013731644412685306,
    0.03151700841241725,
    0.011292501730808887,
    0.4805030268127755,
    0.49593012817505977,
    0.07772612801695127,
    1.0,
    1.0,
    1.0,
    1.0,
    1.0,
    1.0,
    1.0,
    1.0,
    1.0,
    1.0,
    1.0,
    1.0,
    1.0
  ],
  "isotonic": {
    "x": [
      0.13009737327580528,
      0.138866130474793,
      0.13924034256623927,
      0.14082247096049097,
      0.14103801333333876,
      0.1417607220220262,
      0.14394749905457366,
      0.14512056813293361,
      0.14661027876663904,
      0.14769311931571882,
      0.14947431795458954,
      0.14988630029647765,
      0.15039027587301018,
      0.1514903226783467,
      0.1625382164240664,
      0.1858615534233965,
      0.1949106975074885,
      0.20283484644161412,
      0.2176934462643587,
      0.23906106167550728,
      0.2732214434255048,
      0.3069538713016208,
      0.3241140782896715,
      0.3592881015055511,
      0.3852145138188363,
      0.392756217169049,
      0.41694253315403124,
      0.4250768378873806,
      0.44218286932700207,
      0.46586121063201313,
      0.48101204760937283,
      0.491029145693907,
      0.5114752770456519,
      0.5427481880265284,
      0.5996734440393728,
      0.619632479404026,
      0.6347013284946181,
      0.6619802521428151,
      0.6690622901268759,
      0.6869684891500043,
      0.6922237652622629,
      0.728478773430869,
      0.7586984387258948,
      0.8708688310935109,
      0.8873644564608077,
      0.9455872093713834,
      0.9483944360392434,
      0.9484342326066891,
      0.9491268801462182,
      0.9498390926528741,
      0.9498804415787957,
      0.9511537863988618,
      0.9512833662728417,
      0.951996625519248,
      0.9528923960850364,
      0.9550767091790974,
      0.9604270439894868,
      0.9619458146230603,
      0.9628112016926083,
      0.96673332360696,
      0.9685501718336308,
      0.9686787176530236,
      0.9686835615413544,
      0.9688317341708778,
      0.9692907314262227,
      0.9712513541628615,
      0.9747112032628485,
      0.9768046239284391,
      0.9769461212924982,
      0.9816030699713749,
      0.9836012375291403,
      0.9850789434506608,
      0.9884377038327468
    ],
    "y": [
      0.0,
      0.0,
      0.0,
      0.0,
      0.0,
      0.0,
      0.0,
      0.0,
      0.0,
      0.0,
      0.0,
      0.0,
      0.0,
      0.0625,
      0.07142857142857142,
      0.14893617021276595,
      0.21739130434782608,
      0.24705882352941178,
      0.31092436974789917,
      0.39814814814814814,
      0.4623115577889447,
      0.48421052631578954,
      0.5245283018867924,
      0.5731225296442688,
      0.6025641025641025,
      0.6389776357827477,
      0.6454545454545455,
      0.6761904761904762,
      0.6811594202898551,
      0.6927374301675978,
      0.7232142857142857,
      0.7350746268656716,
      0.7613941018766756,
      0.7655172413793103,
      0.7672413793103449,
      0.7734806629834254,
      0.7896551724137931,
      0.7936507936507936,
      0.7973856209150327,
      0.8,
      0.8533333333333334,
      0.8578947368421053,
      0.8683206106870229,
      0.925,
      0.9405940594059405,
      1.0,
      1.0,
      1.0,
      1.0,
      1.0,
      1.0,
      1.0,
      1.0,
      1.0,
      1.0,
      1.0,
      1.0,
      1.0,
      1.0,
      1.0,
      1.0,
      1.0,
      1.0,
      1.0,
      1.0,
      1.0,
      1.0,
      1.0,
      1.0,
      1.0,
      1.0,
      1.0,
      1.0
    ]
  },
  "high_conf_enter": 0.78,
  "high_conf_watch": 0.7000000000000001,
  "horizon": 5,
  "train_symbols": [
    "SPY",
    "QQQ",
    "TSLA",
    "MSTR",
    "IONQ",
    "MU",
    "NVDA",
    "APLD",
    "COIN",
    "PLTR"
  ],
  "train_end": "2024-10-15 00:00:00",
  "n_train": 6220
}