{
  "per_symbol": {
    "TSLA.US": {
      "final_value": 994400.5446875857,
      "total_return": -0.005599455312414348,
      "annual_return": -0.0029245138867928233,
      "max_drawdown": -0.2632793378584406,
      "sharpe": 0.06251399551294808,
      "calmar": -0.0111,
      "sortino": 0.0182,
      "win_rate": 0.5609756097560976,
      "profit_loss_ratio": 0.7734,
      "profit_factor": 0.9882,
      "max_consecutive_loss": 4,
      "avg_holding_days": 5.8,
      "trade_count": 41,
      "benchmark_return": 0.797817,
      "excess_return": -0.803417,
      "information_ratio": -0.8318
    },
    "ARM.US": {
      "final_value": 1225910.0509996205,
      "total_return": 0.22591005099962036,
      "annual_return": 0.11208675826537706,
      "max_drawdown": -0.21486431834525785,
      "sharpe": 0.5206593931880997,
      "calmar": 0.5217,
      "sortino": 0.2854,
      "win_rate": 0.5333333333333333,
      "profit_loss_ratio": 1.1912,
      "profit_factor": 1.3614,
      "max_consecutive_loss": 4,
      "avg_holding_days": 17.0,
      "trade_count": 30,
      "benchmark_return": 1.580795,
      "excess_return": -1.354885,
      "information_ratio": -0.9319
    },
    "MU.US": {
      "final_value": 1714607.2677191542,
      "total_return": 0.7146072677191542,
      "annual_return": 0.324758582442211,
      "max_drawdown": -0.36660450367635106,
      "sharpe": 1.0618418137487506,
      "calmar": 0.8859,
      "sortino": 0.6173,
      "win_rate": 0.5888888888888889,
      "profit_loss_ratio": 1.1045,
      "profit_factor": 1.5821,
      "max_consecutive_loss": 5,
      "avg_holding_days": 7.1,
      "trade_count": 90,
      "benchmark_return": 8.323521,
      "excess_return": -7.608914,
      "information_ratio": -1.7646
    },
    "SPY.US": {
      "final_value": 1003629.1042101263,
      "total_return": 0.0036291042101264104,
      "annual_return": 0.0018912455157433783,
      "max_drawdown": -0.011849814860387838,
      "sharpe": 0.22058612284418783,
      "calmar": 0.1596,
      "sortino": 0.0373,
      "win_rate": 0.5555555555555556,
      "profit_loss_ratio": 1.0801,
      "profit_factor": 1.3501,
      "max_consecutive_loss": 2,
      "avg_holding_days": 3.8,
      "trade_count": 9,
      "benchmark_return": 0.37297,
      "excess_return": -0.369341,
      "information_ratio": -1.0737
    },
    "IONQ.US": {
      "final_value": 2396423.514895429,
      "total_return": 1.396423514895429,
      "annual_return": 0.579653108750728,
      "max_drawdown": -0.24523625653111136,
      "sharpe": 1.4175437553448254,
      "calmar": 2.3637,
      "sortino": 0.7538,
      "win_rate": 0.6451612903225806,
      "profit_loss_ratio": 1.3766,
      "profit_factor": 2.5029,
      "max_consecutive_loss": 3,
      "avg_holding_days": 11.2,
      "trade_count": 31,
      "benchmark_return": 4.471002,
      "excess_return": -3.074579,
      "information_ratio": -0.9432
    },
    "APLD.US": {
      "final_value": 2280872.575365782,
      "total_return": 1.2808725753657817,
      "annual_return": 0.5373759133113569,
      "max_drawdown": -0.25351449564426837,
      "sharpe": 1.5426572266157024,
      "calmar": 2.1197,
      "sortino": 0.6181,
      "win_rate": 0.75,
      "profit_loss_ratio": 1.6512,
      "profit_factor": 4.9537,
      "max_consecutive_loss": 2,
      "avg_holding_days": 6.8,
      "trade_count": 28,
      "benchmark_return": 5.639659,
      "excess_return": -4.358786,
      "information_ratio": -1.0366
    }
  },
  "portfolio": {
    "final_value": 4152511.3028779924,
    "total_return": 3.1525113028779925,
    "annual_return": 1.1013653405104478,
    "max_drawdown": -0.3903821292492294,
    "sharpe": 1.6609621103966263,
    "calmar": 2.8212,
    "sortino": 1.5066,
    "win_rate": 0.6268656716417911,
    "profit_loss_ratio": 0.9792,
    "profit_factor": 1.6451,
    "max_consecutive_loss": 4,
    "avg_holding_days": 8.5,
    "trade_count": 201,
    "benchmark_return": 4.251131,
    "excess_return": -1.098619,
    "information_ratio": -0.2076
  },
  "routing": {
    "TSLA.US": {
      "variant": "v11_sqz_vol_block",
      "interval": "1H",
      "bucket": "high_beta",
      "expected_wr": 0.5609756097560976,
      "expected_sharpe": 0.06251399551294808
    },
    "ARM.US": {
      "variant": "v8_4h_daily",
      "interval": "4H",
      "bucket": "high_beta",
      "expected_wr": 0.6,
      "expected_sharpe": 0.3632509281409648
    },
    "MU.US": {
      "variant": "v4b_block_only",
      "interval": "1H",
      "bucket": "traditional",
      "expected_wr": 0.5888888888888889,
      "expected_sharpe": 1.0618418137487506
    },
    "SPY.US": {
      "variant": "v10_tight",
      "interval": "1H",
      "bucket": "traditional",
      "expected_wr": 0.5555555555555556,
      "expected_sharpe": 0.22058612284418783
    },
    "IONQ.US": {
      "variant": "v8_4h_daily",
      "interval": "4H",
      "bucket": "high_beta",
      "expected_wr": 0.7419354838709677,
      "expected_sharpe": 1.5483843625829317
    },
    "APLD.US": {
      "variant": "v5c_confirm_vwap",
      "interval": "1H",
      "bucket": "high_beta",
      "expected_wr": 0.75,
      "expected_sharpe": 1.5426572266157024
    }
  },
  "avg_win_rate": 0.6056524463094094
}